Symbol,Name,LastSale,MarketCap,IPOyear,Sector,industry,Summary Quote,
XXII,22nd Century Group Inc,1.12,$92.06M,na,Consumer Non-Durables,Farming/Seeds/Milling,http//www.nasdaq.com/symbol/xxii,
FAX,Aberdeen Asia-Pacific Income Fund Inc,5.31,$1.36B,1986,na,na,http//www.nasdaq.com/symbol/fax,
IAF,Aberdeen Australia Equity Fund Inc,6,$136.61M,na,na,na,http//www.nasdaq.com/symbol/iaf,
CH,Aberdeen Chile Fund Inc,6.5185,$61.19M,na,na,na,http//www.nasdaq.com/symbol/ch,
ABE,Aberdeen Emerging Markets Smaller Company Opportunities Fund I,12.7802,$123.69M,na,na,na,http//www.nasdaq.com/symbol/abe,
FCO,Aberdeen Global Income Fund Inc,8.99,$78.79M,1992,na,na,http//www.nasdaq.com/symbol/fco,
IF,Aberdeen Indonesia Fund Inc,6.64,$62.82M,1990,na,na,http//www.nasdaq.com/symbol/if,
ISL,Aberdeen Israel Fund Inc,17,$68.57M,1992,na,na,http//www.nasdaq.com/symbol/isl,
ACU,Acme United Corporation.,20.85,$69.23M,1988,Capital Goods,Industrial Machinery/Components,http//www.nasdaq.com/symbol/acu,
AIII,ACRE Realty Investors Inc,1.2999,$26.6M,na,Consumer Services,Real Estate Investment Trusts,http//www.nasdaq.com/symbol/aiii,
ATNM,Actinium Pharmaceuticals Inc,1.7,$81.12M,na,Health Care,Major Pharmaceuticals,http//www.nasdaq.com/symbol/atnm,
AE,Adams Resources & Energy Inc,31.75,$133.91M,na,Energy,Oil Refining/Marketing,http//www.nasdaq.com/symbol/ae,
ADK,Adcare Health Systems Inc,2.28,$45.48M,na,Health Care,Hospital/Nursing Management,http//www.nasdaq.com/symbol/adk,
ACY,AeroCentury Corp.,8.539,$13.38M,na,Technology,Diversified Commercial Services,http//www.nasdaq.com/symbol/acy,
WGA,AG&E Holdings Inc,0.2681,$3.12M,na,Technology,Radio And Television Broadcasting And Communications Equipment,http//www.nasdaq.com/symbol/wga,
AIRI,Air Industries Group,4.09,$30.92M,na,Capital Goods,Military/Government/Technical,http//www.nasdaq.com/symbol/airi,
AXU,Alexco Resource Corp,2.3,$205.27M,na,Basic Industries,Precious Metals,http//www.nasdaq.com/symbol/axu,
AAU,Almaden MineralsLtd,1.72,$140.08M,2015,Basic Industries,Precious Metals,http//www.nasdaq.com/symbol/aau,
APT,Alpha Pro TechLtd,3.1,$52.58M,na,Health Care,Industrial Specialties,http//www.nasdaq.com/symbol/apt,
AAMC,Altisource Asset Management Corp,13.71,$23.09M,na,Finance,Real Estate,http//www.nasdaq.com/symbol/aamc,
DIT,AMCON Distributing Company,91.05,$53.46M,na,Consumer Non-Durables,Food Distributors,http//www.nasdaq.com/symbol/dit,
ADGE,American DG Energy Inc.,0.26,$13.18M,na,Public Utilities,Power Generation,http//www.nasdaq.com/symbol/adge,
AFCO,American Farmland Company,5.74,$97.13M,2015,Consumer Services,Real Estate Investment Trusts,http//www.nasdaq.com/symbol/afco,
ALN,American Lorain Corporation,0.7,$26.78M,na,Consumer Non-Durables,Packaged Foods,http//www.nasdaq.com/symbol/aln,
AMS,American Shared Hospital Services,2.0899,$11.22M,na,Health Care,Medical Specialities,http//www.nasdaq.com/symbol/ams,
AMPE,Ampio Pharmaceuticals Inc,0.9162,$47.66M,na,Health Care,Major Pharmaceuticals,http//www.nasdaq.com/symbol/ampe,
APHB,AmpliPhi Biosciences Corporation,1.87,$15.41M,na,Health Care,Biotechnology Biological Products (No Diagnostic Substances),http//www.nasdaq.com/symbol/aphb,
AXN,Aoxing Pharmaceutical Company Inc,0.68,$51.82M,na,Health Care,Major Pharmaceuticals,http//www.nasdaq.com/symbol/axn,
HRT,Arrhythmia Research Technology Inc.,4.0301,$11.35M,na,Health Care,Biotechnology Electromedical & Electrotherapeutic Apparatus,http//www.nasdaq.com/symbol/hrt,
AKG,Asanko Gold Inc.,4.59,$904.38M,na,Basic Industries,Mining & Quarrying of Nonmetallic Minerals (No Fuels),http//www.nasdaq.com/symbol/akg,
AINC,Ashford Inc.,47.3299,$95.4M,2014,Consumer Services,Professional Services,http//www.nasdaq.com/symbol/ainc,
AST,Asterias Biotherapeutics Inc,2.98,$132.77M,na,Health Care,Biotechnology Biological Products (No Diagnostic Substances),http//www.nasdaq.com/symbol/ast,
AWX,Avalon Holdings Corporation,2.928,$11.14M,na,Public Utilities,Environmental Services,http//www.nasdaq.com/symbol/awx,
ASM,Avino Silver,2.59,$115.24M,na,Basic Industries,Precious Metals,http//www.nasdaq.com/symbol/asm,
BTG,B2Gold Corp,3.3,$3.07B,na,Basic Industries,Precious Metals,http//www.nasdaq.com/symbol/btg,
BTN,Ballantyne Strong Inc,5.61,$79.87M,na,Miscellaneous,Industrial Machinery/Components,http//www.nasdaq.com/symbol/btn,
BKJ,Bancorp of New Jersey Inc,11.235,$70.78M,na,Finance,Major Banks,http//www.nasdaq.com/symbol/bkj,
BCV,Bancroft Fund Limited,20.8,$106.73M,na,na,na,http//www.nasdaq.com/symbol/bcv,
BAA,BANRO CORPORATION,0.3707,$112.07M,na,Basic Industries,Precious Metals,http//www.nasdaq.com/symbol/baa,
BHB,Bar Harbor Bankshares Inc,35.07,$211.57M,na,Finance,Major Banks,http//www.nasdaq.com/symbol/bhb,
BRN,Barnwell Industries Inc,1.5,$12.42M,na,Energy,Oil & Gas Production,http//www.nasdaq.com/symbol/brn,
BGSF,BG Staffing Inc,17.46,$151.35M,na,Technology,Professional Services,http//www.nasdaq.com/symbol/bgsf,
BPMX,BioPharmX Corporation,0.72,$20.78M,2015,Health Care,Major Pharmaceuticals,http//www.nasdaq.com/symbol/bpmx,
BTX,BioTime Inc,3.17,$327.75M,na,Health Care,Biotechnology Biological Products (No Diagnostic Substances),http//www.nasdaq.com/symbol/btx,
BGI,Birks Group Inc.,2.224,$39.94M,na,Consumer Services,Consumer Specialties,http//www.nasdaq.com/symbol/bgi,
BZM,BlackRock Maryland Municipal Bond Trust,15.9,$33.02M,2002,na,na,http//www.nasdaq.com/symbol/bzm,
MHE,BlackRock Massachusetts Tax-Exempt Trust,15.44,$36.53M,1993,na,na,http//www.nasdaq.com/symbol/mhe,
BLE,BlackRock Municipal Income Trust II,16.43,$385.62M,2002,na,na,http//www.nasdaq.com/symbol/ble,
BLJ,Blackrock New Jersey Municipal Bond Trust,17.14,$39.85M,2002,na,na,http//www.nasdaq.com/symbol/blj,
BFY,BlackRock New York Municipal Income Trust II,17.59,$87.93M,2002,na,na,http//www.nasdaq.com/symbol/bfy,
BHV,BlackRock Virginia Municipal Bond Trust,20.5701,$32.82M,2002,na,na,http//www.nasdaq.com/symbol/bhv,
BDR,Blonder Tongue Laboratories Inc,0.61,$4.13M,na,Technology,Radio And Television Broadcasting And Communications Equipment,http//www.nasdaq.com/symbol/bdr,
BRG,Bluerock Residential Growth REIT Inc,13.6,$266.09M,2014,Consumer Services,Real Estate Investment Trusts,http//www.nasdaq.com/symbol/brg,
BVX,Bovie Medical Corporation,3.06,$83.21M,na,Health Care,Medical_Dental Instruments,http//www.nasdaq.com/symbol/bvx,
BTI,British American Tobacco p.l.c.,129.04,$120.29B,na,Consumer Non-Durables,Farming/Seeds/Milling,http//www.nasdaq.com/symbol/bti,
CANF,Can-Fite Biopharma Ltd,2.21,$30.58M,na,Health Care,Major Pharmaceuticals,http//www.nasdaq.com/symbol/canf,
ROX,Castle Brands Inc,0.8601,$138.18M,2006,Consumer Non-Durables,Beverages (Production/Distribution),http//www.nasdaq.com/symbol/rox,
CAW,CCA Industries Inc,3.11,$21.79M,na,Consumer Non-Durables,Package Goods/Cosmetics,http//www.nasdaq.com/symbol/caw,
CVM,Cel-Sci Corporation,0.5099,$74.11M,na,Health Care,Biotechnology Biological Products (No Diagnostic Substances),http//www.nasdaq.com/symbol/cvm,
CEF,Central Fund of Canada Limited,14.21,$3.62B,na,na,na,http//www.nasdaq.com/symbol/cef,
CET,Central Securities Corporation,20.71,$507.53M,na,na,na,http//www.nasdaq.com/symbol/cet,
LEU,Centrus Energy Corp.,3.58,$32.22M,2014,Basic Industries,Mining & Quarrying of Nonmetallic Minerals (No Fuels),http//www.nasdaq.com/symbol/leu,
CCF,Chase Corporation,61.41,$569.7M,na,Consumer Durables,Building Products,http//www.nasdaq.com/symbol/ccf,
CQH,Cheniere Energy Partners LP Holdings LLC,20.93,$4.85B,2013,Public Utilities,Oil/Gas Transmission,http//www.nasdaq.com/symbol/cqh,
CQP,Cheniere Energy Partners LP,28.26,$9.55B,2007,Public Utilities,Oil/Gas Transmission,http//www.nasdaq.com/symbol/cqp,
LNG,Cheniere Energy Inc,44.21,$10.42B,na,Public Utilities,Oil/Gas Transmission,http//www.nasdaq.com/symbol/lng,
CVR,Chicago Rivet & Machine Co.,28.77,$27.8M,na,Technology,Industrial Machinery/Components,http//www.nasdaq.com/symbol/cvr,
CNR,China Metro-Rural Holdings Limited,1.01,$74.28M,na,Finance,Real Estate,http//www.nasdaq.com/symbol/cnr,
CPHI,China Pharma Holdings Inc,0.276,$12.03M,na,Health Care,Major Pharmaceuticals,http//www.nasdaq.com/symbol/cphi,
CKX,CKX Lands Inc,11.5,$22.34M,na,Energy,Oil & Gas Production,http//www.nasdaq.com/symbol/ckx,
GLV,Clough Global Dividend and Income Fund,12.18,$126.58M,2004,na,na,http//www.nasdaq.com/symbol/glv,
GLQ,Clough Global Equity Fund,11.47,$202.48M,2005,na,na,http//www.nasdaq.com/symbol/glq,
GLO,Clough Global Opportunities Fund,9.8,$505.43M,2006,na,na,http//www.nasdaq.com/symbol/glo,
MOC,Command Security Corporation,2.99,$29.28M,na,Consumer Services,Diversified Commercial Services,http//www.nasdaq.com/symbol/moc,
CIX,CompX International Inc.,11.68,$145.06M,1998,Capital Goods,Industrial Machinery/Components,http//www.nasdaq.com/symbol/cix,
LODE,Comstock Mining Inc,0.3694,$67.71M,na,Basic Industries,Precious Metals,http//www.nasdaq.com/symbol/lode,
CTO,Consolidated-Tomoka Land Co.,48.68,$282.17M,na,Finance,Real Estate,http//www.nasdaq.com/symbol/cto,
MCF,Contango Oil & Gas Company,9.99,$246.11M,na,Energy,Oil & Gas Production,http//www.nasdaq.com/symbol/mcf,
CUO,Continental Materials Corporation,19.9,$33.3M,na,Capital Goods,Building Materials,http//www.nasdaq.com/symbol/cuo,
CMT,Core Molding Technologies Inc,13.68,$106.59M,na,Consumer Non-Durables,Plastic Products,http//www.nasdaq.com/symbol/cmt,
CVRS,Corindus Vascular Robotics Inc,1.35,$160.57M,2015,Health Care,Medical_Dental Instruments,http//www.nasdaq.com/symbol/cvrs,
CRMD,CorMedix Inc,1.79,$68.62M,na,Health Care,Major Pharmaceuticals,http//www.nasdaq.com/symbol/crmd,
CRF,Cornerstone Strategic Return Fund Inc (The),16.46,$126.1M,na,na,na,http//www.nasdaq.com/symbol/crf,
CLM,Cornerstone Strategic Value Fund Inc,16.68,$357.08M,1987,na,na,http//www.nasdaq.com/symbol/clm,
CVU,CPI Aerostructures Inc,6.7118,$57.88M,na,Capital Goods,Military/Government/Technical,http//www.nasdaq.com/symbol/cvu,
CIK,Credit Suisse Asset Management Income Fund Inc,3.09,$161.53M,na,na,na,http//www.nasdaq.com/symbol/cik,
DHY,Credit Suisse High Yield Bond Fund,2.59,$258.76M,1998,na,na,http//www.nasdaq.com/symbol/dhy,
CRHM,CRH Medical Corporation,3.72,$266.29M,2015,Health Care,Medical_Dental Instruments,http//www.nasdaq.com/symbol/crhm,
CRVP,Crystal Rock Holdings Inc,0.81,$17.3M,na,Consumer Non-Durables,Food Distributors,http//www.nasdaq.com/symbol/crvp,
DXR,Daxor Corporation,8,$30.82M,na,Health Care,Medical_Dental Instruments,http//www.nasdaq.com/symbol/dxr,
VCF,Delaware Investments Colorado Municipal Income Fund Inc,15.495,$74.95M,1993,na,na,http//www.nasdaq.com/symbol/vcf,
VFL,Delaware Investments Florida Insured Municipal Income Fund,14.6099,$66.16M,1993,na,na,http//www.nasdaq.com/symbol/vfl,
VMM,Delaware Investments Minnesota Municipal Income Fund II Inc,15.15,$174.3M,1993,na,na,http//www.nasdaq.com/symbol/vmm,
DLA,Delta Apparel Inc,19.04,$146.87M,na,Consumer Non-Durables,Apparel,http//www.nasdaq.com/symbol/dla,
DNN,Denison Mine Corp,0.5217,$278.36M,na,Basic Industries,Precious Metals,http//www.nasdaq.com/symbol/dnn,
DGSE,DGSE Companies Inc,0.97,$11.96M,na,Consumer Services,Consumer Specialties,http//www.nasdaq.com/symbol/dgse,
DPW,Digital Power Corporation,0.74,$5.01M,na,Capital Goods,Industrial Machinery/Components,http//www.nasdaq.com/symbol/dpw,
DSS,Document Security Systems Inc,0.1795,$9.31M,na,Consumer Durables,Containers/Packaging,http//www.nasdaq.com/symbol/dss,
DMF,Dreyfus Municipal Income Inc,9.93,$205.86M,1988,na,na,http//www.nasdaq.com/symbol/dmf,
GRF,Eagle Capital Growth Fund Inc,8.0795,$26.37M,na,na,na,http//www.nasdaq.com/symbol/grf,
ESTE,Earthstone Energy Inc,10.64,$237.16M,na,Energy,Oil & Gas Production,http//www.nasdaq.com/symbol/este,
EVM,Eaton Vance California Municipal Bond Fund,13.82,$295.63M,2002,na,na,http//www.nasdaq.com/symbol/evm,
EIA,Eaton Vance California Municipal Bond Fund II,13.9531,$54.22M,2002,na,na,http//www.nasdaq.com/symbol/eia,
CEV,Eaton Vance California Municipal Income Trust,14.01,$101.64M,1999,na,na,http//www.nasdaq.com/symbol/cev,
EVV,Eaton Vance Limited Duration Income Fund,13.8,$1.6B,2003,na,na,http//www.nasdaq.com/symbol/evv,
MAB,Eaton Vance Massachusetts Municipal Bond Fund,15.67,$27.71M,2002,na,na,http//www.nasdaq.com/symbol/mab,
MMV,Eaton Vance Massachusetts Municipal Income Trust,15.19,$41.58M,1999,na,na,http//www.nasdaq.com/symbol/mmv,
MIW,Eaton Vance Michigan Municipal Bond Fund,15.26,$22.89M,2002,na,na,http//www.nasdaq.com/symbol/miw,
EMI,Eaton Vance Michigan Municipal Income Trust,14.4201,$29.03M,1999,na,na,http//www.nasdaq.com/symbol/emi,
EIM,Eaton Vance Municipal Bond Fund,13.8635,$945.05M,2002,na,na,http//www.nasdaq.com/symbol/eim,
EIV,Eaton Vance Municipal Bond Fund II,13.72,$137.38M,2002,na,na,http//www.nasdaq.com/symbol/eiv,
EMJ,Eaton Vance New Jersey Municipal Bond Fund,14.72,$37.96M,2002,na,na,http//www.nasdaq.com/symbol/emj,
EVJ,Eaton Vance New Jersey Municipal Income Trust,13.79,$63.41M,1999,na,na,http//www.nasdaq.com/symbol/evj,
ENX,Eaton Vance New York Municipal Bond Fund,14.23,$222.82M,2002,na,na,http//www.nasdaq.com/symbol/enx,
NYH,Eaton Vance New York Municipal Bond Fund II,14.2,$36.3M,2002,na,na,http//www.nasdaq.com/symbol/nyh,
EVY,Eaton Vance New York Municipal Income Trust,15.36,$84.1M,1999,na,na,http//www.nasdaq.com/symbol/evy,
EIO,Eaton Vance Ohio Municipal Bond Fund,15.1505,$38.44M,2002,na,na,http//www.nasdaq.com/symbol/eio,
EVO,Eaton Vance Ohio Municipal Income Trust,15.6612,$44.75M,1999,na,na,http//www.nasdaq.com/symbol/evo,
EIP,Eaton Vance Pennsylvania Municipal Bond Fund,14.9,$44.1M,2002,na,na,http//www.nasdaq.com/symbol/eip,
EVP,Eaton Vance Pennsylvania Municipal Income Trust,13.43,$34.93M,1999,na,na,http//www.nasdaq.com/symbol/evp,
ELMD,Electromed Inc,4.2,$34.39M,2011,Health Care,Biotechnology Electromedical & Electrotherapeutic Apparatus,http//www.nasdaq.com/symbol/elmd,
ETAK,Elephant Talk Communications Corp.,0.1344,$22.05M,na,Technology,EDP Services,http//www.nasdaq.com/symbol/etak,
ELLO,Ellomay Capital Ltd.,9.32,$99.53M,na,Public Utilities,Electric Utilities Central,http//www.nasdaq.com/symbol/ello,
ECF,Ellsworth Growth and Income Fund Ltd.,8.39,$110M,1986,na,na,http//www.nasdaq.com/symbol/ecf,
EMAN,eMagin Corporation,2.67,$78.47M,na,Technology,Semiconductors,http//www.nasdaq.com/symbol/eman,
MSN,Emerson Radio Corporation,0.75,$20.35M,na,Consumer Non-Durables,Consumer Electronics/Appliances,http//www.nasdaq.com/symbol/msn,
UUUU,Energy Fuels Inc,2.42,$139.57M,na,Basic Industries,Mining & Quarrying of Nonmetallic Minerals (No Fuels),http//www.nasdaq.com/symbol/uuuu,
ENRJ,EnerJex Resources Inc,0.332,$2.8M,na,Energy,Oil & Gas Production,http//www.nasdaq.com/symbol/enrj,
ENSV,ENSERVCO Corporation,0.63,$24.02M,na,Energy,Oilfield Services/Equipment,http//www.nasdaq.com/symbol/ensv,
ESNC,EnSync Inc,0.473,$22.55M,na,Public Utilities,Electric Utilities Central,http//www.nasdaq.com/symbol/esnc,
EGI,Entree Gold Inc,0.3051,$46.57M,na,Basic Industries,Precious Metals,http//www.nasdaq.com/symbol/egi,
EVI,EnviroStarm Inc,4.6901,$32.99M,na,Consumer Services,Other Consumer Services,http//www.nasdaq.com/symbol/evi,
ERB,ERBA Diagnostics Inc,0.601,$26.5M,na,Health Care,Major Pharmaceuticals,http//www.nasdaq.com/symbol/erb,
ERN,Erin Energy Corp.,2.57,$546.24M,na,Energy,Oil & Gas Production,http//www.nasdaq.com/symbol/ern,
ESP,Espey Mfg. & Electronics Corp.,26.1001,$61.72M,na,Capital Goods,Industrial Machinery/Components,http//www.nasdaq.com/symbol/esp,
EMXX,Eurasian Minerals Inc.,1.37,$101.31M,na,Basic Industries,Precious Metals,http//www.nasdaq.com/symbol/emxx,
EVBN,Evans Bancorp Inc,25.73,$110.3M,na,Finance,Major Banks,http//www.nasdaq.com/symbol/evbn,
EPM,Evolution Petroleum Corporation Inc,5.44,$179.02M,na,Energy,Oil & Gas Production,http//www.nasdaq.com/symbol/epm,
XRA,Exeter Resource Corporation,1.37,$121.17M,na,Basic Industries,Mining & Quarrying of Nonmetallic Minerals (No Fuels),http//www.nasdaq.com/symbol/xra,
FPP,FieldPoint Petroleum Corporation,0.87,$7.73M,na,Energy,Oil & Gas Production,http//www.nasdaq.com/symbol/fpp,
FEN,First Trust Energy Income and Growth Fund,25.98,$502.85M,2004,na,na,http//www.nasdaq.com/symbol/fen,
BDL,Flanigan's Enterprises Inc,23.87,$44.37M,na,Consumer Services,Restaurants,http//www.nasdaq.com/symbol/bdl,
FSI,Flexible Solutions International Inc.,1.54,$17.61M,na,Basic Industries,Major Chemicals,http//www.nasdaq.com/symbol/fsi,
FTF,Franklin Limited Duration Income Trust,12,$322.03M,2003,na,na,http//www.nasdaq.com/symbol/ftf,
FSP,Franklin Street Properties Corp.,12.53,$1.26B,na,Consumer Services,Real Estate Investment Trusts,http//www.nasdaq.com/symbol/fsp,
FRD,Friedman Industries Inc.,5.76,$39.16M,na,Capital Goods,Steel/Iron Ore,http//www.nasdaq.com/symbol/frd,
GGN,GAMCO Global Gold Natural Reources & Income Trust,6.86,$772.75M,2005,na,na,http//www.nasdaq.com/symbol/ggn,
EGAS,Gas Natural Inc.,7.39,$77.71M,na,Public Utilities,Oil/Gas Transmission,http//www.nasdaq.com/symbol/egas,
GST,Gastar Exploration Inc.,0.899,$118.42M,na,Energy,Oil & Gas Production,http//www.nasdaq.com/symbol/gst,
JOB,GEE Group Inc.,5.51,$51.68M,na,Technology,Diversified Commercial Services,http//www.nasdaq.com/symbol/job,
GMO,General Moly Inc,0.317,$28.83M,na,Basic Industries,Precious Metals,http//www.nasdaq.com/symbol/gmo,
GIG,GigPeak Inc,2,$134.92M,na,Technology,Semiconductors,http//www.nasdaq.com/symbol/gig,
GSB,GlobalSCAPE Inc,3.52,$74.57M,na,Technology,Computer Software Prepackaged Software,http//www.nasdaq.com/symbol/gsb,
GSAT,Globalstar Inc,1.16,$1.25B,2006,Consumer Services,Telecommunications Equipment,http//www.nasdaq.com/symbol/gsat,
GLOW,Glowpoint Inc,0.33,$11.83M,na,Public Utilities,Telecommunications Equipment,http//www.nasdaq.com/symbol/glow,
GORO,Gold Resource Corporation,6.44,$349.48M,na,Basic Industries,Precious Metals,http//www.nasdaq.com/symbol/goro,
GSV,Gold Standard Ventures Corporation,2.81,$583.85M,na,Basic Industries,Mining & Quarrying of Nonmetallic Minerals (No Fuels),http//www.nasdaq.com/symbol/gsv,
AUMN,Golden Minerals Company,0.8275,$70.08M,na,Basic Industries,Precious Metals,http//www.nasdaq.com/symbol/aumn,
GSS,Golden Star Resources Ltd,0.75,$246.53M,na,Basic Industries,Precious Metals,http//www.nasdaq.com/symbol/gss,
GV,Goldfield Corporation (The),2.96,$75.34M,na,Basic Industries,Water Supply,http//www.nasdaq.com/symbol/gv,
GRC,Gorman-Rupp Company (The),27.12,$707.59M,na,Capital Goods,Fluid Controls,http//www.nasdaq.com/symbol/grc,
GTE,Gran Tierra Energy Inc.,3.03,$872.53M,na,Energy,Oil & Gas Production,http//www.nasdaq.com/symbol/gte,
GPL,Great Panther Silver Limited,1.47,$240.27M,na,Basic Industries,Precious Metals,http//www.nasdaq.com/symbol/gpl,
SIM,Grupo Simec S.A. de C.V.,8.93,$1.48B,1993,Basic Industries,Steel/Iron Ore,http//www.nasdaq.com/symbol/sim,
GVP,GSE Systems Inc,2.3,$41.47M,na,Technology,Computer Software Prepackaged Software,http//www.nasdaq.com/symbol/gvp,
HCHC,HC2 Holdings Inc,4.4,$155.92M,na,Public Utilities,Telecommunications Equipment,http//www.nasdaq.com/symbol/hchc,
HEB,Hemispherx BioPharma Inc,0.1595,$39.54M,na,Health Care,Biotechnology Biological Products (No Diagnostic Substances),http//www.nasdaq.com/symbol/heb,
HMG,HMG/Courtland Properties Inc,10.46,$10.83M,na,Consumer Services,Real Estate Investment Trusts,http//www.nasdaq.com/symbol/hmg,
HH,Hooper Holmes Inc,1.68,$14.36M,na,Health Care,Hospital/Nursing Management,http//www.nasdaq.com/symbol/hh,
HUSA,Houston American Energy Corporation,0.21,$10.81M,na,Energy,Oil & Gas Production,http//www.nasdaq.com/symbol/husa,
IBIO,iBio Inc,0.65,$57.92M,na,Health Care,Major Pharmaceuticals,http//www.nasdaq.com/symbol/ibio,
IBO,IBO (Listing Market - NYSE Amex Network B F),153.82,na,na,na,na,http//www.nasdaq.com/symbol/ibo,
IDI,IDI Inc,5.07,$256.83M,na,Consumer Services,Advertising,http//www.nasdaq.com/symbol/idi,
IEC,IEC Electronics Corp.,5.25,$53.94M,na,Technology,Electrical Products,http//www.nasdaq.com/symbol/iec,
IMUC,ImmunoCellular TherapeuticsLtd,0.124,$11.56M,na,Health Care,Major Pharmaceuticals,http//www.nasdaq.com/symbol/imuc,
IMH,Impac Mortgage Holdings Inc,16.06,$201.26M,1997,Consumer Services,Real Estate Investment Trusts,http//www.nasdaq.com/symbol/imh,
IMO,Imperial Oil Limited,31.64,$26.82B,na,Energy,Integrated oil Companies,http//www.nasdaq.com/symbol/imo,
IOT,Income Opportunity Realty Investors Inc,7.3476,$30.63M,na,Consumer Services,Real Estate Investment Trusts,http//www.nasdaq.com/symbol/iot,
IRT,Independence Realty Trust Inc,9.55,$453.4M,2013,Consumer Services,Real Estate Investment Trusts,http//www.nasdaq.com/symbol/irt,
IGC,India Globalization Capital Inc.,0.4901,$11.44M,na,Consumer Non-Durables,Electronic Components,http//www.nasdaq.com/symbol/igc,
INFU,InfuSystems Holdings Inc,2.76,$62.47M,na,Health Care,Medical_Dental Instruments,http//www.nasdaq.com/symbol/infu,
IHT,InnSuites Hospitality Trust,2.35,$21.97M,na,Consumer Services,Real Estate Investment Trusts,http//www.nasdaq.com/symbol/iht,
NSPR,InspireMD Inc,0.167,$4.99M,na,Health Care,Medical_Dental Instruments,http//www.nasdaq.com/symbol/nspr,
IFMI,Institutional Financial Markets Inc,1.33,$16.1M,na,Finance,Investment Bankers/Brokers/Service,http//www.nasdaq.com/symbol/ifmi,
IDN,Intellicheck Mobilisa Inc,1.66,$16.92M,1999,Technology,Computer Software Prepackaged Software,http//www.nasdaq.com/symbol/idn,
INS,Intelligent Systems Corporation,3.62,$31.61M,1992,Capital Goods,Metal Fabrications,http//www.nasdaq.com/symbol/ins,
THM,International Tower Hill Mines Ltd,1.2,$139.62M,na,Basic Industries,Precious Metals,http//www.nasdaq.com/symbol/thm,
INTT,inTest Corporation,4.01,$41.66M,1997,Capital Goods,Electrical Products,http//www.nasdaq.com/symbol/intt,
INUV,Inuvo Inc,1.27,$31.33M,na,Consumer Services,Advertising,http//www.nasdaq.com/symbol/inuv,
VKI,Invesco Advantage Municipal Income Trust II,13.15,$583.61M,na,na,na,http//www.nasdaq.com/symbol/vki,
ISR,IsoRay Inc,0.7101,$39.06M,na,Health Care,Medical_Dental Instruments,http//www.nasdaq.com/symbol/isr,
ISDR,Issuer Direct Corporation,7.1,$20.21M,na,Miscellaneous,Publishing,http//www.nasdaq.com/symbol/isdr,
JRJR,JRjr33 Inc,0.87,$31.39M,2014,Consumer Services,Other Consumer Services,http//www.nasdaq.com/symbol/jrjr,
KIQ,Kelso Technologies Inc,1.21,$56.04M,na,Capital Goods,Railroads,http//www.nasdaq.com/symbol/kiq,
KLDX,Klondex Mines Ltd.,5.21,$746.39M,na,Basic Industries,Precious Metals,http//www.nasdaq.com/symbol/kldx,
LTS,Ladenburg Thalmann Financial Services Inc,2.23,$408.91M,na,Finance,Investment Bankers/Brokers/Service,http//www.nasdaq.com/symbol/lts,
LAQ,Latin America Equity Fund Inc (The),22.57,$168.11M,1991,na,na,http//www.nasdaq.com/symbol/laq,
LGL,LGL Group Inc (The),4.03,$10.74M,na,Capital Goods,Industrial Machinery/Components,http//www.nasdaq.com/symbol/lgl,
LBY,Libbey Inc,18.18,$396.82M,1993,Capital Goods,Industrial Machinery/Components,http//www.nasdaq.com/symbol/lby,
LIQT,LiqTech International Inc,0.72,$28.46M,na,Technology,Industrial Machinery/Components,http//www.nasdaq.com/symbol/liqt,
LEI,Lucas Energy Inc,3.51,$6.11M,na,Energy,Oil & Gas Production,http//www.nasdaq.com/symbol/lei,
MCZ,Mad Catz Interactive Inc,0.23,$16.9M,na,Consumer Non-Durables,Recreational Products/Toys,http//www.nasdaq.com/symbol/mcz,
MAG,Mag Silver Corporation,17.41,$1.4B,na,Basic Industries,Precious Metals,http//www.nasdaq.com/symbol/mag,
MJCO,Majesco,5.16,$188.21M,2015,Technology,Computer Software Prepackaged Software,http//www.nasdaq.com/symbol/mjco,
MSTX,Mast Therapeutics Inc,0.4152,$87.95M,na,Health Care,Major Pharmaceuticals,http//www.nasdaq.com/symbol/mstx,
MHH,Mastech Holdings Inc,7.65,$33.64M,na,Consumer Services,Professional Services,http//www.nasdaq.com/symbol/mhh,
MDGN,Medgenics Inc,6.09,$225.81M,2011,Health Care,Biotechnology Biological Products (No Diagnostic Substances),http//www.nasdaq.com/symbol/mdgn,
IPB,Merrill Lynch & Co. Inc,27.8,na,na,Finance,Finance Consumer Services,http//www.nasdaq.com/symbol/ipb,
MXC,Mexco Energy Corporation,4.33,$8.82M,na,Energy,Oil & Gas Production,http//www.nasdaq.com/symbol/mxc,
CCA,MFS California Insured Municipal Trust,14.25,$39.7M,1999,na,na,http//www.nasdaq.com/symbol/cca,
MGT,MGT Capital Investments Inc,3.35,$79.73M,na,Miscellaneous,Multi-Sector Companies,http//www.nasdaq.com/symbol/mgt,
MLSS,Milestone Scientific Inc,2.73,$74.51M,2015,Health Care,Industrial Specialties,http//www.nasdaq.com/symbol/mlss,
MGH,Minco Gold Corporation,0.311,$15.78M,na,Basic Industries,Precious Metals,http//www.nasdaq.com/symbol/mgh,
MGN,Mines Management Inc,1.56,$55.94M,na,Basic Industries,Precious Metals,http//www.nasdaq.com/symbol/mgn,
MVF,MuniVest Fund Inc,10.9,$699.4M,na,na,na,http//www.nasdaq.com/symbol/mvf,
MZA,MuniYield Arizona Fund Inc,17.935,$82.63M,1993,na,na,http//www.nasdaq.com/symbol/mza,
NNVC,NanoViricides Inc,1.7,$98.55M,na,Health Care,Biotechnology Commercial Physical & Biological Resarch,http//www.nasdaq.com/symbol/nnvc,
NHC,National HealthCare Corporation,64.22,$981.23M,na,Health Care,Hospital/Nursing Management,http//www.nasdaq.com/symbol/nhc,
NAVB,Navidea Biopharmaceuticals Inc,0.4908,$76.44M,na,Health Care,Biotechnology In Vitro & In Vivo Diagnostic Substances,http//www.nasdaq.com/symbol/navb,
NTIP,Network-1 Technologies Inc,2.6,$60.57M,na,Technology,Computer Software Prepackaged Software,http//www.nasdaq.com/symbol/ntip,
NBW,Neuberger Berman California Intermediate Municipal Fund Inc.,17.24,$95.6M,2002,na,na,http//www.nasdaq.com/symbol/nbw,
NHS,Neuberger Berman High Yield Strategies Fund,11.6699,$228.04M,na,na,na,http//www.nasdaq.com/symbol/nhs,
NBH,Neuberger Berman Intermediate Municipal Fund Inc.,17.12,$321.38M,2002,na,na,http//www.nasdaq.com/symbol/nbh,
NML,Neuberger Berman MLP Income Fund Inc.,8.89,$502.7M,2013,na,na,http//www.nasdaq.com/symbol/nml,
NBO,Neuberger Berman New York Intermediate Municipal Fund Inc.,14.505,$73.63M,2002,na,na,http//www.nasdaq.com/symbol/nbo,
NRO,Neuberger Berman Real Estate Securities Income Fund Inc,5.79,$323.01M,2003,na,na,http//www.nasdaq.com/symbol/nro,
UWN,Nevada Gold & Casinos Inc,2.12,$37.71M,na,Consumer Services,Services-Misc. Amusement & Recreation,http//www.nasdaq.com/symbol/uwn,
NSU,Nevsun Resources Ltd,3.25,$974.06M,na,Basic Industries,Precious Metals,http//www.nasdaq.com/symbol/nsu,
GBR,New Concept Energy Inc,3.92,$7.63M,na,Energy,Oil & Gas Production,http//www.nasdaq.com/symbol/gbr,
NEN,New England Realty Associates Limited Partnership,66.9,$250.72M,na,Consumer Services,Building operators,http//www.nasdaq.com/symbol/nen,
NGD,NEW GOLD INC.,5.76,$2.95B,na,Basic Industries,Precious Metals,http//www.nasdaq.com/symbol/ngd,
HLTH,Nobilis Health Corp.,3.11,$238.79M,2015,Health Care,Hospital/Nursing Management,http//www.nasdaq.com/symbol/hlth,
NSAT,Norsat International Inc.,6.2,$36.24M,na,Capital Goods,Industrial Machinery/Components,http//www.nasdaq.com/symbol/nsat,
NAK,Northern Dynasty MineralsLtd,1.04,$275.18M,na,Basic Industries,Precious Metals,http//www.nasdaq.com/symbol/nak,
NOG,Northern Oil and Gas Inc,3.73,$240.94M,na,Energy,Oil & Gas Production,http//www.nasdaq.com/symbol/nog,
NBY,NovaBay Pharmaceuticals Inc,3.9,$43.88M,2007,Health Care,Major Pharmaceuticals,http//www.nasdaq.com/symbol/nby,
NCQ,NovaCopper Inc.,0.6099,$64.14M,na,Basic Industries,Precious Metals,http//www.nasdaq.com/symbol/ncq,
NG,Novagold Resources Inc.,6.49,$2.08B,na,Basic Industries,Precious Metals,http//www.nasdaq.com/symbol/ng,
NTN,NTN Buzztime Inc,5.62,$10.39M,na,Consumer Services,Broadcasting,http//www.nasdaq.com/symbol/ntn,
NVX,Nuveen California Dividend Advantage Municipal Fund 2,16.32,$240.88M,2001,na,na,http//www.nasdaq.com/symbol/nvx,
NZH,Nuveen California Dividend Advantage Municipal Fund 3,15.83,$382.39M,na,na,na,http//www.nasdaq.com/symbol/nzh,
NCB,Nuveen California Municipal Value Fund 2,18.53,$60.95M,na,na,na,http//www.nasdaq.com/symbol/ncb,
CFD,Nuveen Diversified Commodity Fund,9.44,$85.4M,2010,na,na,http//www.nasdaq.com/symbol/cfd,
CTF,Nuveen Long/Short Commodity Total Return Fund,14.39,$235.22M,na,na,na,http//www.nasdaq.com/symbol/ctf,
NOM,Nuveen Missouri Premium Income Municipal Fund,17.0723,$39.91M,1993,na,na,http//www.nasdaq.com/symbol/nom,
NMZ,Nuveen Municipal High Income Opportunity Fund,15.08,$864.53M,2003,na,na,http//www.nasdaq.com/symbol/nmz,
NJV,Nuveen New Jersey Municipal Value Fund,16.15,$25.03M,na,na,na,http//www.nasdaq.com/symbol/njv,
NYV,Nuveen New York Municipal Value Fund 2,16.12,$37.88M,2009,na,na,http//www.nasdaq.com/symbol/nyv,
NPN,Nuveen Pennsylvania Municipal Value Fund,17.25,$21.04M,2009,na,na,http//www.nasdaq.com/symbol/npn,
JRS,Nuveen Real Estate Fund,11.91,$344.11M,2001,na,na,http//www.nasdaq.com/symbol/jrs,
OCX,OncoCyte Corporation,4.23,$107.57M,2015,Health Care,Biotechnology In Vitro & In Vivo Diagnostic Substances,http//www.nasdaq.com/symbol/ocx,
OGEN,Oragenics Inc,0.65,$26.04M,na,Health Care,Major Pharmaceuticals,http//www.nasdaq.com/symbol/ogen,
TIS,Orchids Paper Products Company,27.87,$286.97M,2005,Basic Industries,Paper,http//www.nasdaq.com/symbol/tis,
ONP,Orient Paper Inc,1.08,$23.17M,na,Consumer Durables,Containers/Packaging,http//www.nasdaq.com/symbol/onp,
ORM,Owens Realty Mortgage Inc,16.7,$171.13M,2013,Consumer Services,Real Estate Investment Trusts,http//www.nasdaq.com/symbol/orm,
PHF,Pacholder High Yield Fund Inc,7.2,$93.58M,na,na,na,http//www.nasdaq.com/symbol/phf,
PTN,Palatin Technologies Inc,0.524,$42.83M,na,Health Care,Major Pharmaceuticals,http//www.nasdaq.com/symbol/ptn,
PARR,Par Pacific Holdings Inc,13.52,$556.73M,na,Energy,Oil & Gas Production,http//www.nasdaq.com/symbol/parr,
PZG,Paramount Gold Nevada Corp.,2.14,$18.23M,2015,Basic Industries,Precious Metals,http//www.nasdaq.com/symbol/pzg,
PRK,Park National Corporation,91.37,$1.4B,na,Finance,Major Banks,http//www.nasdaq.com/symbol/prk,
PED,Pedevco Corp.,0.255,$12.71M,na,Energy,Oil & Gas Production,http//www.nasdaq.com/symbol/ped,
PFNX,Pfenex Inc.,9.77,$228.49M,2014,Health Care,Major Pharmaceuticals,http//www.nasdaq.com/symbol/pfnx,
PIP,PharmAthene Inc,2.56,$167.92M,na,Health Care,Major Pharmaceuticals,http//www.nasdaq.com/symbol/pip,
HNW,Pioneer Diversified High Income Trust,16.3968,$136.63M,2007,na,na,http//www.nasdaq.com/symbol/hnw,
PLG,Platinum Group Metals Ltd.,3.3,$293.23M,na,Basic Industries,Precious Metals,http//www.nasdaq.com/symbol/plg,
PLM,Polymet Mining Corp.,0.9367,$260.21M,na,Basic Industries,Precious Metals,http//www.nasdaq.com/symbol/plm,
PW,Power REIT,7.18,$12.81M,na,Consumer Services,Real Estate Investment Trusts,http//www.nasdaq.com/symbol/pw,
PLX,Protalix BioTherapeutics Inc,0.6301,$62.89M,na,Health Care,Biotechnology Biological Products (No Diagnostic Substances),http//www.nasdaq.com/symbol/plx,
PVCT,Provectus Biopharmaceuticals Inc,0.2582,$54.95M,na,Health Care,Major Pharmaceuticals,http//www.nasdaq.com/symbol/pvct,
RLGT,Radiant Logistics Inc,3.16,$154.13M,na,Transportation,Oil Refining/Marketing,http//www.nasdaq.com/symbol/rlgt,
UTG,Reaves Utility Income Fund,30.97,$1.06B,2004,na,na,http//www.nasdaq.com/symbol/utg,
REED,Reeds Inc,2.67,$37.14M,na,Consumer Non-Durables,Beverages (Production/Distribution),http//www.nasdaq.com/symbol/reed,
RWC,RELM Wireless Corporation,5.78,$79.43M,na,Technology,Radio And Television Broadcasting And Communications Equipment,http//www.nasdaq.com/symbol/rwc,
RCG,RENN Fund Inc,1.23,$5.49M,na,na,na,http//www.nasdaq.com/symbol/rcg,
RVP,Retractable Technologies Inc,2.64,$78.28M,na,Health Care,Medical_Dental Instruments,http//www.nasdaq.com/symbol/rvp,
RNN,Rexahn Pharmaceuticals Inc,0.2599,$55.44M,na,Health Care,Major Pharmaceuticals,http//www.nasdaq.com/symbol/rnn,
RIC,Richmont Mines Inc,10.18,$638.19M,na,Basic Industries,Precious Metals,http//www.nasdaq.com/symbol/ric,
REI,Ring Energy Inc,9.98,$418.33M,na,Energy,Oil & Gas Production,http//www.nasdaq.com/symbol/rei,
RIF,RMR Real Estate Income Fund,22.09,$169.02M,na,na,na,http//www.nasdaq.com/symbol/rif,
SGA,Saga Communications Inc,39.95,$234.12M,na,Consumer Services,Broadcasting,http//www.nasdaq.com/symbol/sga,
SSN,Samson Oil & Gas Limited,0.7289,$11.72M,na,Energy,Oil & Gas Production,http//www.nasdaq.com/symbol/ssn,
SPP,Sanchez Production Partners LP,11.95,$51.14M,na,Energy,Oil & Gas Production,http//www.nasdaq.com/symbol/spp,
SAND,Sandstorm Gold Ltd,6.54,$982.62M,na,Basic Industries,Precious Metals,http//www.nasdaq.com/symbol/sand,
SEB,Seaboard Corporation,3145.01,$3.68B,1996,Finance,Investment Bankers/Brokers/Service,http//www.nasdaq.com/symbol/seb,
SENS,Senseonics Holdings Inc,3.96,$369.82M,na,Capital Goods,Industrial Machinery/Components,http//www.nasdaq.com/symbol/sens,
SVT,Servotronics Inc,11.34,$28.01M,na,Capital Goods,Industrial Machinery/Components,http//www.nasdaq.com/symbol/svt,
SIF,SIFCO Industries Inc,6.5456,$35.78M,na,Capital Goods,Aerospace,http//www.nasdaq.com/symbol/sif,
SKY,Skyline Corporation,9.85,$82.65M,na,Basic Industries,Homebuilding,http//www.nasdaq.com/symbol/sky,
XPL,Solitario Exploration & Royalty Corp,0.86,$33.36M,na,Basic Industries,Precious Metals,http//www.nasdaq.com/symbol/xpl,
SGB,Southwest Georgia Financial Corporation,15.099,$38.47M,na,Finance,Major Banks,http//www.nasdaq.com/symbol/sgb,
LOV,Spark Networks Inc,1.46,$37.88M,na,Miscellaneous,Business Services,http//www.nasdaq.com/symbol/lov,
STRP,Straight Path Communications Inc.,20.26,$246.71M,2013,Public Utilities,Telecommunications Equipment,http//www.nasdaq.com/symbol/strp,
SSY,SunLink Health Systems Inc,0.73,$6.89M,na,Health Care,Hospital/Nursing Management,http//www.nasdaq.com/symbol/ssy,
SDPI,Superior Drilling Products Inc,1.27,$22.17M,2014,Energy,Metal Fabrications,http//www.nasdaq.com/symbol/sdpi,
STS,Supreme Industries Inc,16.64,$283.24M,na,Capital Goods,Construction/Ag Equipment/Trucks,http//www.nasdaq.com/symbol/sts,
SYRG,Synergy Resources Corporation,7.2,$1.44B,na,Energy,Oil & Gas Production,http//www.nasdaq.com/symbol/syrg,
SYN,Synthetic Biologics Inc,1.67,$152.42M,na,Health Care,Major Pharmaceuticals,http//www.nasdaq.com/symbol/syn,
TRX,Tanzanian Royalty Exploration Corporation,1.08,$117.06M,na,Basic Industries,Precious Metals,http//www.nasdaq.com/symbol/trx,
TGB,Taseko Mines Limited,0.5158,$114.42M,na,Basic Industries,Precious Metals,http//www.nasdaq.com/symbol/tgb,
TIK,Tel-Instrument Electronics Corp.,4.09,$13.32M,na,Capital Goods,Electrical Products,http//www.nasdaq.com/symbol/tik,
TGC,Tengasco Inc,1.18,$7.19M,na,Energy,Oil & Gas Production,http//www.nasdaq.com/symbol/tgc,
GLU,The Gabelli Global Utility and Income Trust,18.43,$75.77M,2004,na,na,http//www.nasdaq.com/symbol/glu,
TXMD,TherapeuticsMD Inc,7.19,$1.41B,na,Health Care,Major Pharmaceuticals,http//www.nasdaq.com/symbol/txmd,
TGD,Timmons Gold Corp,0.5443,$173.76M,2011,Basic Industries,Precious Metals,http//www.nasdaq.com/symbol/tgd,
TOF,Tofutti Brands Inc.,2.92,$15.05M,na,Consumer Non-Durables,Specialty Foods,http//www.nasdaq.com/symbol/tof,
TMP,Tompkins Financial Corporation,71.85,$1.08B,na,Finance,Major Banks,http//www.nasdaq.com/symbol/tmp,
TAT,Transatlantic Petroleum Ltd,0.767,$31.74M,na,Energy,Oil & Gas Production,http//www.nasdaq.com/symbol/tat,
TRXC,TransEnterix Inc,1.37,$157.55M,na,Health Care,Medical_Dental Instruments,http//www.nasdaq.com/symbol/trxc,
TPLM,Triangle Petroleum Corporation,0.2756,$21.03M,na,Energy,Oil & Gas Production,http//www.nasdaq.com/symbol/tplm,
TPHS,Trinity Place Holdings Inc.,8.43,$214.77M,na,Consumer Services,Clothing/Shoe/Accessory Stores,http//www.nasdaq.com/symbol/tphs,
TRT,Trio-Tech International,3.4,$11.94M,na,Technology,Industrial Machinery/Components,http//www.nasdaq.com/symbol/trt,
UFAB,Unique Fabricating Inc,12.66,$122.79M,2015,Capital Goods,Auto PartsO.E.M.,http//www.nasdaq.com/symbol/ufab,
UAMY,United States Antimony Corporation,0.326,$21.8M,na,Capital Goods,Metal Fabrications,http//www.nasdaq.com/symbol/uamy,
UUU,Universal Security Instruments Inc,2.9715,$6.87M,na,Consumer Non-Durables,Electronic Components,http//www.nasdaq.com/symbol/uuu,
UQM,UQM TECHNOLOGIES INC,0.61,$29.56M,na,Capital Goods,Industrial Machinery/Components,http//www.nasdaq.com/symbol/uqm,
URG,Ur Energy Inc,0.5845,$83.94M,na,Basic Industries,Precious Metals,http//www.nasdaq.com/symbol/urg,
UEC,Uranium Energy Corp.,1.12,$130.38M,na,Basic Industries,Precious Metals,http//www.nasdaq.com/symbol/uec,
VSR,Versar Inc,1.32,$13.06M,1986,Consumer Services,Military/Government/Technical,http//www.nasdaq.com/symbol/vsr,
VII,Vicon Industries Inc,0.76,$7.1M,na,Consumer Durables,Telecommunications Equipment,http//www.nasdaq.com/symbol/vii,
VHC,VirnetX Holding Corp,2.74,$155.25M,na,Miscellaneous,Multi-Sector Companies,http//www.nasdaq.com/symbol/vhc,
VGZ,Vista Gold Corporation,1.12,$106.7M,na,Basic Industries,Precious Metals,http//www.nasdaq.com/symbol/vgz,
VNRX,VolitionRX Limited,3.4601,$81.39M,2015,Health Care,Biotechnology In Vitro & In Vivo Diagnostic Substances,http//www.nasdaq.com/symbol/vnrx,
VISI,Volt Information Sciences Inc,6.12,$127.49M,na,Technology,Professional Services,http//www.nasdaq.com/symbol/visi,
EAD,Wells Fargo Income Opportunities Fund,8.3,$589.16M,2003,na,na,http//www.nasdaq.com/symbol/ead,
ERC,Wells Fargo Multi-Sector Income Fund,13.12,$551.28M,2003,na,na,http//www.nasdaq.com/symbol/erc,
ERH,Wells Fargo Utilities and High Income Fund,13.0301,$120.3M,2004,na,na,http//www.nasdaq.com/symbol/erh,
SBI,Western Asset Intermediate Muni Fund Inc,10.61,$149.36M,1992,na,na,http//www.nasdaq.com/symbol/sbi,
WRN,Western Copper and Gold Corporation,0.91,$85.95M,2011,Basic Industries,Precious Metals,http//www.nasdaq.com/symbol/wrn,
WYY,WidePoint Corporation,0.5,$41.37M,na,Technology,EDP Services,http//www.nasdaq.com/symbol/wyy,
WTT,Wireless Telecom Group Inc,1.56,$29.21M,na,Capital Goods,Electrical Products,http//www.nasdaq.com/symbol/wtt,
XTNT,Xtant Medical Holdings Inc,1.65,$20.12M,na,Health Care,Biotechnology Biological Products (No Diagnostic Substances),http//www.nasdaq.com/symbol/xtnt,
YUMA,Yuma Energy Inc,0.2274,$16.37M,na,Energy,Oil & Gas Production,http//www.nasdaq.com/symbol/yuma,
ZDGE,Zedge Inc,4.45,$41.44M,2016,Technology,Computer Software Prepackaged Software,http//www.nasdaq.com/symbol/zdge,
